Municipio;Votos;% votos validos no municipio;Posicao entre os candidatos
CAETÉS;5204;38,27;1
MANARI;5036;49,35;1
ITAÍBA;4351;27,73;2
IATI;3526;33,2;1
PARNAMIRIM;3333;23,66;1
ÁGUAS BELAS;3124;13,2;4
ANGELIM;2893;42,75;1
GARANHUNS;1736;2,42;8
BUÍQUE;1664;5,94;2
QUIPAPÁ;1598;16,1;3
TUPANATINGA;1308;10,88;4
VENTUROSA;1076;9,82;2
RECIFE;970;0,1;106
PESQUEIRA;865;2,42;8
PEDRA;822;5,98;3
CUSTÓDIA;512;2,58;4
IBIMIRIM;504;3,23;7
CALÇADO;424;7,56;3
CARUARU;358;0,19;60
PETROLINA;357;0,19;43
SÃO CAITANO;349;1,57;6
ARCOVERDE;309;0,83;19
EXU;308;1,47;18
CAPOEIRAS;303;2,72;6
PARANATAMA;302;3,36;8
LAGOA DO OURO;273;3,26;7
JUCATI;218;3,04;4
CORRENTES;170;1,79;4
INAJÁ;157;1,35;9
BREJÃO;154;2,16;6
LAJEDO;139;0,61;19
OLINDA;126;0,06;124
JABOATÃO DOS GUARARAPES;123;0,04;151
TABIRA;121;0,8;13
SÃO JOÃO;101;0,8;13
OURICURI;90;0,25;33
BELO JARDIM;80;0,19;50
CANHOTINHO;70;0,56;9
PAULISTA;70;0,04;139
SALOÁ;70;0,8;14
ITAMBÉ;63;0,38;25
CEDRO;62;0,86;9
LIMOEIRO;61;0,18;44
PALMEIRINA;60;1,44;9
SERTÂNIA;57;0,3;31
FLORES;50;0,43;14
SÃO BENTO DO UNA;49;0,19;25
BETÂNIA;44;0,58;11
BOM CONSELHO;39;0,15;24
VITÓRIA DE SANTO ANTÃO;34;0,04;86
TERRA NOVA;32;0,46;15
SÃO LOURENÇO DA MATA;30;0,05;117
ALAGOINHA;29;0,32;30
POÇÃO;26;0,37;23
CAMARAGIBE;23;0,02;162
CABO DE SANTO AGOSTINHO;22;0,02;140
ARARIPINA;20;0,05;54
CARPINA;20;0,04;97
POMBOS;20;0,13;53
PETROLÂNDIA;19;0,1;41
BODOCÓ;18;0,09;46
BREJO DA MADRE DE DEUS;18;0,07;54
SALGUEIRO;18;0,06;73
JOÃO ALFREDO;17;0,1;40
TEREZINHA;17;0,34;13
TACAIMBÓ;16;0,2;33
TACARATU;16;0,12;28
CABROBÓ;15;0,08;51
CACHOEIRINHA;15;0,13;34
SANTA CRUZ DO CAPIBARIBE;15;0,03;68
FLORESTA;14;0,08;51
GRAVATÁ;14;0,03;124
PALMARES;14;0,05;102
SANHARÓ;14;0,12;54
RIBEIRÃO;13;0,06;77
SANTA MARIA DA BOA VISTA;13;0,05;58
SANTA MARIA DO CAMBUCÁ;13;0,16;30
SÃO BENEDITO DO SUL;13;0,25;20
JUPI;12;0,12;29
RIACHO DAS ALMAS;12;0,08;63
SERRITA;12;0,1;43
SIRINHAÉM;12;0,06;59
AFOGADOS DA INGAZEIRA;11;0,05;73
GOIANA;11;0,02;125
IGARASSU;11;0,02;133
SURUBIM;11;0,03;112
PANELAS;10;0,07;53
ABREU E LIMA;8;0,01;168
BONITO;8;0,04;97
CARNAÍBA;8;0,07;49
TORITAMA;8;0,03;94
CHÃ GRANDE;7;0,05;90
IGUARACY;7;0,11;44
ILHA DE ITAMARACÁ;7;0,05;103
MARAIAL;7;0,12;30
CUMARU;6;0,05;79
IPOJUCA;6;0,01;145
MORENO;6;0,02;128
PASSIRA;6;0,03;117
TAQUARITINGA DO NORTE;6;0,04;74
CALUMBI;5;0,09;26
CUPIRA;5;0,03;77
GRANITO;5;0,09;37
JUREMA;5;0,06;50
TUPARETAMA;5;0,08;39
VICÊNCIA;5;0,03;87
BELÉM DO SÃO FRANCISCO;4;0,03;75
BEZERROS;4;0,01;154
FEIRA NOVA;4;0,03;108
GAMELEIRA;4;0,04;80
TIMBAÚBA;4;0,01;134
TRINDADE;4;0,02;82
AGRESTINA;3;0,02;99
CATENDE;3;0,02;117
IPUBI;3;0,02;84
ITAPISSUMA;3;0,02;101
NAZARÉ DA MATA;3;0,02;131
SALGADINHO;3;0,06;82
SANTA CRUZ DA BAIXA VERDE;3;0,04;56
SÃO JOSÉ DA COROA GRANDE;3;0,03;116
SÃO JOSÉ DO BELMONTE;3;0,01;91
SÃO JOSÉ DO EGITO;3;0,02;103
TAMANDARÉ;3;0,02;107
VERTENTES;3;0,02;93
AFRÂNIO;2;0,02;68
AMARAJI;2;0,02;119
ARAÇOIABA;2;0,02;111
BARREIROS;2;0,01;155
BOM JARDIM;2;0,01;126
CHÃ DE ALEGRIA;2;0,02;102
FREI MIGUELINHO;2;0,02;90
ITACURUBA;2;0,06;40
JATOBÁ;2;0,02;61
LAGOA DO CARRO;2;0,02;129
MIRANDIBA;2;0,02;85
OROCÓ;2;0,02;61
PAUDALHO;2;0,01;196
PRIMAVERA;2;0,03;98
RIO FORMOSO;2;0,02;100
SANTA FILOMENA;2;0,02;52
SÃO JOAQUIM DO MONTE;2;0,02;85
SÃO VICENTE FÉRRER;2;0,02;92
ALIANÇA;1;0,01;162
ALTINHO;1;0,01;134
BARRA DE GUABIRABA;1;0,01;107
BUENOS AIRES;1;0,01;103
CAMOCIM DE SÃO FÉLIX;1;0,01;138
CONDADO;1;0,01;144
CORTÊS;1;0,01;109
DORMENTES;1;0,01;68
ESCADA;1;0,01;213
GLÓRIA DO GOITÁ;1;0,01;161
ITAQUITINGA;1;0,01;110
JAQUEIRA;1;0,02;89
MOREILÂNDIA;1;0,01;80
OROBÓ;1;0,01;135
SANTA CRUZ;1;0,01;76
SERRA TALHADA;1;0,01;200
TRACUNHAÉM;1;0,01;136
TRIUNFO;1;0,01;110
XEXÉU;1;0,01;98
ÁGUA PRETA;1;0,01;139
BELÉM DE MARIA;0;0,0;
BREJINHO;0;0,0;
CAMUTANGA;0;0,0;
CARNAUBEIRA DA PENHA;0;0,0;
CASINHAS;0;0,0;
FERNANDO DE NORONHA;0;0,0;
FERREIROS;0;0,0;
IBIRAJUBA;0;0,0;
INGAZEIRA;0;0,0;
ITAPETIM;0;0,0;
JATAÚBA;0;0,0;
JOAQUIM NABUCO;0;0,0;
LAGOA DE ITAENGA;0;0,0;
LAGOA DOS GATOS;0;0,0;
LAGOA GRANDE;0;0,0;
MACAPARANA;0;0,0;
MACHADOS;0;0,0;
QUIXABA;0;0,0;
SAIRÉ;0;0,0;
SANTA TEREZINHA;0;0,0;
SOLIDÃO;0;0,0;
VERDEJANTE;0;0,0;
VERTENTE DO LÉRIO;0;0,0;
